{
    "n": 15,
    "dt": 0.3,
    "ct": 0.3,
    "h_ac": 10,
    "h_bc": 10,
    "steps": 60,
    "amax": 1.5,
    "vmax": 2,
    "dmin": 1.7,
    "diameter": 10,
    "switch_step": 5,
    "ws": 10000,
    "wt": 10,
    "ws_bb": 3000,
    "w_orient": 20,
    "epsilon_w_pos": 0.12,
    "epsilon_v_pos": 0.34,
    "epsilon_v_vel": 0.4,
    "sigma_obs_pos": 0.11333333333333334,
    "sigma_obs_vel": 0.13333333333333333,
    "acc_scale": 0.7,
    "acc_bias": 0.1,
    "damping": 0.15,
    "nonlinear_drift": 1,
    "noise_std": 0.05,
    "control_noise_std": 0,
    "predator": 0,
    "pFactor": 1.4,
    "pred_radius": 6,
    "wp": 500,
    "tgt": [
        [
            -10.0,
            -9.135454576426008,
            -6.691306063588582,
            -3.090169943749474,
            1.0452846326765348,
            5.0,
            8.090169943749475,
            9.781476007338057,
            9.781476007338057,
            8.090169943749475,
            5.0,
            1.0452846326765348,
            -3.090169943749474,
            -6.691306063588582,
            -9.135454576426008
        ],
        [
            0.0,
            -4.067366430758002,
            -7.431448254773942,
            -9.510565162951535,
            -9.945218953682733,
            -8.660254037844386,
            -5.877852522924732,
            -2.0791169081775935,
            2.0791169081775935,
            5.877852522924732,
            8.660254037844386,
            9.945218953682733,
            9.510565162951535,
            7.431448254773942,
            4.067366430758002
        ]
    ]
}