{"X_mean": [-4.032259941101074, -1.498173475265503, -1.4100712537765503, -0.2531066834926605, 0.2527659833431244, 1.3192051649093628, 1.3196433782577515, 0.9791750907897949, 1.542073130607605, 1.8064486980438232, 1.2298070192337036, 0.36636224389076233, 0.050350893288850784, -0.17590825259685516, -0.7580121755599976, -0.33512452244758606, -0.5454609990119934, -1.5451152324676514, -2.0291919708251953, -1.4356309175491333, -2.640012502670288, -1.5605050325393677, -0.670457124710083, 0.7185423374176025, 1.3485604524612427, 1.6720279455184937, 1.9062821865081787, 1.087540626525879, 0.7213351130485535, 0.49416202306747437, -1.3542664051055908, -1.0684165954589844, -0.7965490221977234, -0.30137312412261963, 0.15080338716506958, 0.6535136103630066, 0.9450530409812927, 1.0600754022598267, 1.1489558219909668, 0.9867169857025146, 0.5967777371406555, 0.10372136533260345, -0.3372012972831726, -0.7111697793006897, -1.0208775997161865, -0.059514619410037994, -0.4856305420398712, -0.901766300201416, -1.1366021633148193, -1.1591603755950928, -1.1108291149139404, -0.7202117443084717, -0.2428046315908432, 0.29447779059410095, 0.7326802611351013, 1.0438320636749268, 1.2168445587158203, 1.0786210298538208, 0.8446029424667358, 0.46165794134140015], "X_std": [8.699440002441406, 6.816731929779053, 5.345916748046875, 4.024048328399658, 2.858395576477051, 4.864414215087891, 6.738829612731934, 7.6158928871154785, 7.550705432891846, 6.669399738311768, 4.59330940246582, 3.626530170440674, 3.3432223796844482, 5.250959396362305, 6.563365459442139, 2.5644567012786865, 4.201404571533203, 6.021834373474121, 7.966915130615234, 7.5128374099731445, 7.314472198486328, 5.603122711181641, 3.2849318981170654, 3.0232322216033936, 5.14137601852417, 6.675653457641602, 7.91077995300293, 7.500463008880615, 6.023146629333496, 4.246614456176758, 0.8558720350265503, 0.6817970871925354, 0.5761721730232239, 0.53901606798172, 0.44817066192626953, 0.5752022862434387, 0.6886609196662903, 0.7890223264694214, 0.73112553358078, 0.6706938147544861, 0.5429494380950928, 0.5333884358406067, 0.49975499510765076, 0.5802625417709351, 0.6087102890014648, 0.4422658085823059, 0.5131820440292358, 0.6197726130485535, 0.8178229331970215, 0.7010452151298523, 0.7327142357826233, 0.646406352519989, 0.5055296421051025, 0.43119823932647705, 0.5679799318313599, 0.6467120051383972, 0.7554395794868469, 0.7383057475090027, 0.6387083530426025, 0.5345491170883179], "U_mean": [-0.05200456827878952, -0.029908038675785065, -0.028467489406466484, -0.01027106773108244, 0.014128930866718292, 0.03212426230311394, 0.03873048722743988, 0.03698832914233208, 0.042167261242866516, 0.029409881681203842, 0.025409307330846786, -0.0014664182672277093, -0.01683817431330681, -0.03561541810631752, -0.04437190666794777, -0.0017559074331074953, -0.012114825658500195, -0.04663708806037903, -0.038898587226867676, -0.04110372066497803, -0.03896092250943184, -0.023840732872486115, 0.0011700658360496163, 0.00788716971874237, 0.033637143671512604, 0.04195299372076988, 0.0543782003223896, 0.05507635325193405, 0.041894007474184036, 0.00760639226064086], "U_std": [0.6758329272270203, 0.6488744616508484, 0.5313605666160583, 0.40294691920280457, 0.39385780692100525, 0.48722559213638306, 0.595901370048523, 0.6886840462684631, 0.6830071806907654, 0.5990126729011536, 0.4525800049304962, 0.40410467982292175, 0.42975330352783203, 0.5233269929885864, 0.6368306875228882, 0.3750995397567749, 0.45650461316108704, 0.5683224201202393, 0.6759322285652161, 0.6928661465644836, 0.6194669008255005, 0.5065311193466187, 0.37101539969444275, 0.3779667317867279, 0.5102755427360535, 0.6158241033554077, 0.681739866733551, 0.6513190269470215, 0.5837644934654236, 0.46235302090644836], "R_mean": [-0.0012951621320098639, 0.00023313579731620848, 8.396718476433307e-05, -0.0015883640153333545, 0.0007226624875329435, 0.0002314549492439255, -0.0009663031669333577, -0.001831424655392766, -0.0002473513304721564, -0.0017656988929957151, 0.0020932145416736603, -0.0014345817035064101, 0.0012323748087510467, 0.0021205837838351727, -0.00037136347964406013, 2.6717021682998165e-05, -0.001017052331008017, -0.0016060471534729004, -0.0008572887163609266, 0.000983019475825131, -0.0013958601048216224, 0.0012160411570221186, -0.0009432384395040572, 0.001237490912899375, -0.0024016881361603737, 0.0006669543217867613, -0.0014225891791284084, -0.002122973557561636, -8.539604459656402e-05, -0.0011141153518110514, 0.0, 0.0, 0.0, 0.0, 0.0, 0.0, 0.0, 0.0, 0.0, 0.0, 0.0, 0.0, 0.0, 0.0, 0.0, 0.0, 0.0, 0.0, 0.0, 0.0, 0.0, 0.0, 0.0, 0.0, 0.0, 0.0, 0.0, 0.0, 0.0, 0.0], "R_std": [0.05980560556054115, 0.05971948057413101, 0.05947529897093773, 0.06029386445879936, 0.060492876917123795, 0.061353228986263275, 0.06078826263546944, 0.06053205952048302, 0.06008738651871681, 0.05982482433319092, 0.06025443598628044, 0.059862058609724045, 0.06096049025654793, 0.06140494346618652, 0.05925769358873367, 0.060496874153614044, 0.06082276627421379, 0.0598355270922184, 0.059058744460344315, 0.060037028044462204, 0.05913781747221947, 0.059982527047395706, 0.05958043783903122, 0.05994195118546486, 0.059237368404865265, 0.059672314673662186, 0.05916202813386917, 0.059501778334379196, 0.05874667316675186, 0.059696875512599945, 9.999999974752427e-07, 9.999999974752427e-07, 9.999999974752427e-07, 9.999999974752427e-07, 9.999999974752427e-07, 9.999999974752427e-07, 9.999999974752427e-07, 9.999999974752427e-07, 9.999999974752427e-07, 9.999999974752427e-07, 9.999999974752427e-07, 9.999999974752427e-07, 9.999999974752427e-07, 9.999999974752427e-07, 9.999999974752427e-07, 9.999999974752427e-07, 9.999999974752427e-07, 9.999999974752427e-07, 9.999999974752427e-07, 9.999999974752427e-07, 9.999999974752427e-07, 9.999999974752427e-07, 9.999999974752427e-07, 9.999999974752427e-07, 9.999999974752427e-07, 9.999999974752427e-07, 9.999999974752427e-07, 9.999999974752427e-07, 9.999999974752427e-07, 9.999999974752427e-07]}